Reporting starts,Campaign name,Amount spent (USD),Impressions,Link clicks,Purchases,Purchases conversion value
2026-07-06,Retargeting - Carrito abandonado,134.08,8245,173,12.1,375.43
2026-07-06,Black Friday - Ofertas,62.17,4649,83,2.5,99.48
2026-07-06,Prospecting - Video Lookalike,110.95,13548,216,6.2,232.99
2026-07-06,Prospecting - Intereses amplios,84.92,21037,102,0.8,45.16
2026-07-06,Retargeting - Visitantes web,85.19,6312,149,12.3,234.29
2026-07-06,Branding - Alcance,65.35,49468,466,,
2026-07-07,Retargeting - Carrito abandonado,143.45,8809,185,13.1,405.07
2026-07-07,Black Friday - Ofertas,67.42,5007,90,2.7,107.88
2026-07-07,Prospecting - Video Lookalike,120.38,13317,211,6.6,250.77
2026-07-07,Prospecting - Intereses amplios,87.04,19104,105,0.8,55.44
2026-07-07,Retargeting - Visitantes web,87.72,7137,176,12.7,275.83
2026-07-07,Branding - Alcance,62.65,42926,303,,
2026-07-08,Retargeting - Carrito abandonado,147.83,8910,188,13.3,420.94
2026-07-08,Black Friday - Ofertas,58.3,4957,89,2.8,93.27
2026-07-08,Prospecting - Video Lookalike,110.44,13375,211,6.0,228.18
2026-07-08,Prospecting - Intereses amplios,102.07,22073,118,1.0,58.23
2026-07-08,Retargeting - Visitantes web,95.57,7630,191,13.5,338.96
2026-07-08,Branding - Alcance,63.58,47056,415,,
2026-07-09,Retargeting - Carrito abandonado,130.64,9077,192,13.7,375.08
2026-07-09,Black Friday - Ofertas,54.72,4744,85,2.7,87.55
2026-07-09,Prospecting - Video Lookalike,119.69,14322,224,6.4,245.26
2026-07-09,Prospecting - Intereses amplios,104.12,20158,130,1.0,59.97
2026-07-09,Retargeting - Visitantes web,96.82,6926,177,15.1,297.81
2026-07-09,Branding - Alcance,72.76,42938,371,,
2026-07-10,Retargeting - Carrito abandonado,148.45,10216,218,15.6,429.76
2026-07-10,Black Friday - Ofertas,66.83,5281,95,3.0,106.92
2026-07-10,Prospecting - Video Lookalike,110.28,14672,228,5.8,224.12
2026-07-10,Prospecting - Intereses amplios,84.71,20941,108,0.9,37.67
2026-07-10,Retargeting - Visitantes web,84.94,7450,165,11.5,254.71
2026-07-10,Branding - Alcance,76.24,43168,338,,
2026-07-11,Retargeting - Carrito abandonado,145.95,10013,214,15.4,425.97
2026-07-11,Black Friday - Ofertas,67.33,6101,109,3.6,107.74
2026-07-11,Prospecting - Video Lookalike,108.16,13839,214,5.6,217.97
2026-07-11,Prospecting - Intereses amplios,92.6,23121,164,1.3,42.04
2026-07-11,Retargeting - Visitantes web,87.62,6549,148,11.1,278.88
2026-07-11,Branding - Alcance,66.01,42287,327,,
2026-07-12,Retargeting - Carrito abandonado,140.53,9349,201,14.5,413.5
2026-07-12,Black Friday - Ofertas,69.91,6091,109,3.6,111.85
2026-07-12,Prospecting - Video Lookalike,115.51,14551,223,5.9,230.83
2026-07-12,Prospecting - Intereses amplios,100.08,18933,131,1.1,62.75
2026-07-12,Retargeting - Visitantes web,103.54,7500,176,12.8,282.79
2026-07-12,Branding - Alcance,72.26,42957,284,,
2026-07-13,Retargeting - Carrito abandonado,135.73,8488,183,13.3,402.59
2026-07-13,Black Friday - Ofertas,61.12,4546,81,2.7,97.79
2026-07-13,Prospecting - Video Lookalike,102.03,12991,198,5.1,202.15
2026-07-13,Prospecting - Intereses amplios,86.99,20542,99,0.8,56.8
2026-07-13,Retargeting - Visitantes web,97.6,6409,146,10.5,290.23
2026-07-13,Branding - Alcance,63.66,52019,498,,
2026-07-14,Retargeting - Carrito abandonado,145.58,9235,200,14.6,435.26
2026-07-14,Black Friday - Ofertas,57.7,4349,78,2.7,92.32
2026-07-14,Prospecting - Video Lookalike,112.37,13401,203,5.6,220.74
2026-07-14,Prospecting - Intereses amplios,103.96,19542,94,0.8,70.07
2026-07-14,Retargeting - Visitantes web,95.64,6406,155,10.0,299.0
2026-07-14,Branding - Alcance,78.04,52185,450,,
2026-07-15,Retargeting - Carrito abandonado,139.16,9007,196,14.3,419.38
2026-07-15,Black Friday - Ofertas,59.42,5274,94,3.3,95.07
2026-07-15,Prospecting - Video Lookalike,118.55,15181,229,5.8,230.87
2026-07-15,Prospecting - Intereses amplios,92.58,19888,134,1.1,63.26
2026-07-15,Retargeting - Visitantes web,103.04,7514,191,15.4,293.24
2026-07-15,Branding - Alcance,70.3,46336,300,,
2026-07-16,Retargeting - Carrito abandonado,131.65,8844,193,14.2,399.87
2026-07-16,Black Friday - Ofertas,61.32,5346,96,3.4,98.12
2026-07-16,Prospecting - Video Lookalike,131.46,14073,210,6.3,253.78
2026-07-16,Prospecting - Intereses amplios,106.84,23838,169,1.4,54.78
2026-07-16,Retargeting - Visitantes web,88.63,6541,147,10.1,284.97
2026-07-16,Branding - Alcance,76.73,51921,411,,
2026-07-17,Retargeting - Carrito abandonado,154.8,10046,220,16.2,473.86
2026-07-17,Black Friday - Ofertas,59.06,5111,91,3.3,94.49
2026-07-17,Prospecting - Video Lookalike,131.06,15247,226,6.2,250.79
2026-07-17,Prospecting - Intereses amplios,102.68,21260,111,0.9,64.64
2026-07-17,Retargeting - Visitantes web,91.18,7505,197,14.3,274.3
2026-07-17,Branding - Alcance,77.51,50589,351,,
2026-07-18,Retargeting - Carrito abandonado,136.73,8619,189,14.1,421.77
2026-07-18,Black Friday - Ofertas,72.52,6488,116,4.2,116.04
2026-07-18,Prospecting - Video Lookalike,109.96,15426,227,5.2,208.56
2026-07-18,Prospecting - Intereses amplios,108.22,22214,125,1.0,60.97
2026-07-18,Retargeting - Visitantes web,86.59,6183,162,12.7,270.56
2026-07-18,Branding - Alcance,77.28,47237,434,,
2026-07-19,Retargeting - Carrito abandonado,162.84,8785,194,14.4,506.18
2026-07-19,Black Friday - Ofertas,62.64,4960,89,3.3,100.23
2026-07-19,Prospecting - Video Lookalike,113.48,14627,214,5.3,213.31
2026-07-19,Prospecting - Intereses amplios,91.59,21023,107,0.9,60.7
2026-07-19,Retargeting - Visitantes web,91.67,6929,169,14.2,277.4
2026-07-19,Branding - Alcance,77.02,48018,389,,
2026-07-20,Retargeting - Carrito abandonado,152.72,8380,185,13.9,478.35
2026-07-20,Black Friday - Ofertas,66.15,5093,91,3.4,105.85
2026-07-20,Prospecting - Video Lookalike,107.36,15386,224,4.9,199.97
2026-07-20,Prospecting - Intereses amplios,89.72,21337,139,1.1,50.74
2026-07-20,Retargeting - Visitantes web,91.03,7030,170,13.9,248.85
2026-07-20,Branding - Alcance,71.01,45102,328,,
2026-07-21,Retargeting - Carrito abandonado,162.69,9526,212,15.9,513.44
2026-07-21,Black Friday - Ofertas,68.63,6075,109,4.1,109.81
2026-07-21,Prospecting - Video Lookalike,134.86,14185,205,6.1,248.92
2026-07-21,Prospecting - Intereses amplios,100.18,21537,129,1.0,60.41
2026-07-21,Retargeting - Visitantes web,93.91,7055,168,14.3,308.53
2026-07-21,Branding - Alcance,76.33,53093,383,,
2026-07-22,Retargeting - Carrito abandonado,155.75,10557,236,17.8,495.24
2026-07-22,Black Friday - Ofertas,73.7,5606,100,3.8,117.91
2026-07-22,Prospecting - Video Lookalike,112.34,14206,204,5.0,205.45
2026-07-22,Prospecting - Intereses amplios,87.69,20201,100,0.8,52.31
2026-07-22,Retargeting - Visitantes web,101.47,7667,171,13.7,329.69
2026-07-22,Branding - Alcance,64.0,52410,497,,
2026-07-23,Retargeting - Carrito abandonado,144.02,10616,238,18.0,461.34
2026-07-23,Black Friday - Ofertas,66.97,5563,100,3.9,107.15
2026-07-23,Prospecting - Video Lookalike,139.03,15583,222,6.1,251.91
2026-07-23,Prospecting - Intereses amplios,89.93,21221,128,1.0,45.48
2026-07-23,Retargeting - Visitantes web,88.06,6695,167,10.8,277.42
2026-07-23,Branding - Alcance,69.0,42448,316,,
2026-07-24,Retargeting - Carrito abandonado,159.87,9638,217,16.5,515.93
2026-07-24,Black Friday - Ofertas,61.92,5760,103,4.1,99.07
2026-07-24,Prospecting - Video Lookalike,133.92,16094,228,5.9,240.38
2026-07-24,Prospecting - Intereses amplios,88.75,20394,99,0.8,55.62
2026-07-24,Retargeting - Visitantes web,89.77,6377,150,12.7,304.9
2026-07-24,Branding - Alcance,65.94,43960,410,,
2026-07-25,Retargeting - Carrito abandonado,158.75,10107,228,17.5,516.06
2026-07-25,Black Friday - Ofertas,62.8,4677,84,3.3,100.48
2026-07-25,Prospecting - Video Lookalike,131.8,14223,200,5.7,234.33
2026-07-25,Prospecting - Intereses amplios,88.14,23921,151,1.2,55.79
2026-07-25,Retargeting - Visitantes web,85.51,7598,166,13.9,261.4
2026-07-25,Branding - Alcance,67.3,48611,455,,
2026-07-26,Retargeting - Carrito abandonado,148.2,8816,200,15.4,485.31
2026-07-26,Black Friday - Ofertas,70.62,5515,99,4.0,113.0
2026-07-26,Prospecting - Video Lookalike,115.05,13329,186,4.9,202.6
2026-07-26,Prospecting - Intereses amplios,87.77,20126,111,0.9,43.57
2026-07-26,Retargeting - Visitantes web,100.92,6647,159,10.8,298.48
2026-07-26,Branding - Alcance,61.91,45125,291,,
2026-07-27,Retargeting - Carrito abandonado,166.62,9830,223,17.3,549.58
2026-07-27,Black Friday - Ofertas,65.41,5417,97,4.0,104.66
2026-07-27,Prospecting - Video Lookalike,141.13,13160,182,6.0,246.14
2026-07-27,Prospecting - Intereses amplios,106.1,21358,127,1.0,68.12
2026-07-27,Retargeting - Visitantes web,92.56,7011,174,15.0,273.4
2026-07-27,Branding - Alcance,75.58,50381,424,,
2026-07-28,Retargeting - Carrito abandonado,155.02,9389,214,16.6,514.97
2026-07-28,Black Friday - Ofertas,63.57,4827,86,3.6,101.72
2026-07-28,Prospecting - Video Lookalike,115.39,15401,211,4.8,199.29
2026-07-28,Prospecting - Intereses amplios,92.94,19988,99,0.8,59.84
2026-07-28,Retargeting - Visitantes web,103.45,7286,167,11.6,300.78
2026-07-28,Branding - Alcance,69.32,44054,344,,
2026-07-29,Retargeting - Carrito abandonado,150.43,10863,249,19.4,503.3
2026-07-29,Black Friday - Ofertas,79.83,6727,121,5.0,127.72
2026-07-29,Prospecting - Video Lookalike,121.55,16214,221,5.0,207.87
2026-07-29,Prospecting - Intereses amplios,94.38,21030,100,0.8,48.84
2026-07-29,Retargeting - Visitantes web,94.42,7004,158,11.9,249.24
2026-07-29,Branding - Alcance,66.04,43273,332,,
2026-07-30,Retargeting - Carrito abandonado,142.7,8688,200,15.6,480.83
2026-07-30,Black Friday - Ofertas,68.81,5366,96,4.1,110.1
2026-07-30,Prospecting - Video Lookalike,133.02,14712,199,5.4,225.23
2026-07-30,Prospecting - Intereses amplios,105.02,22638,147,1.2,68.71
2026-07-30,Retargeting - Visitantes web,92.48,6707,176,11.9,305.97
2026-07-30,Branding - Alcance,72.41,42744,387,,
2026-07-31,Retargeting - Carrito abandonado,176.35,10148,234,18.4,598.39
2026-07-31,Black Friday - Ofertas,76.79,6878,123,5.3,122.87
2026-07-31,Prospecting - Video Lookalike,119.83,14719,198,4.8,200.87
2026-07-31,Prospecting - Intereses amplios,99.34,23603,158,1.3,63.55
2026-07-31,Retargeting - Visitantes web,96.92,7659,190,15.1,276.1
2026-07-31,Branding - Alcance,62.12,43773,330,,
2026-08-01,Retargeting - Carrito abandonado,146.67,10677,247,19.5,501.16
2026-08-01,Black Friday - Ofertas,74.25,6377,114,5.0,118.8
2026-08-01,Prospecting - Video Lookalike,136.03,15296,204,5.4,225.72
2026-08-01,Prospecting - Intereses amplios,99.15,19272,129,1.0,61.3
2026-08-01,Retargeting - Visitantes web,95.07,7059,174,11.4,315.65
2026-08-01,Branding - Alcance,65.84,43097,312,,
2026-08-02,Retargeting - Carrito abandonado,171.85,9213,214,17.0,591.27
2026-08-02,Black Friday - Ofertas,77.97,7239,130,5.7,124.76
2026-08-02,Prospecting - Video Lookalike,132.69,14272,189,5.2,217.92
2026-08-02,Prospecting - Intereses amplios,99.07,22881,151,1.2,57.68
2026-08-02,Retargeting - Visitantes web,98.25,6290,140,9.7,326.81
2026-08-02,Branding - Alcance,66.71,48780,314,,
2026-08-03,Retargeting - Carrito abandonado,146.47,9397,219,17.5,507.41
2026-08-03,Black Friday - Ofertas,77.3,6738,121,5.4,123.68
2026-08-03,Prospecting - Video Lookalike,139.37,13973,183,5.4,226.53
2026-08-03,Prospecting - Intereses amplios,100.14,21763,128,1.0,44.57
2026-08-03,Retargeting - Visitantes web,103.98,6494,170,14.5,275.67
2026-08-03,Branding - Alcance,69.31,51685,490,,
2026-08-04,Retargeting - Carrito abandonado,162.58,9428,221,17.7,567.1
2026-08-04,Black Friday - Ofertas,69.54,6414,115,5.2,111.26
2026-08-04,Prospecting - Video Lookalike,125.23,15025,196,4.8,201.43
2026-08-04,Prospecting - Intereses amplios,91.32,22110,156,1.3,41.0
2026-08-04,Retargeting - Visitantes web,102.3,7014,181,14.4,291.58
2026-08-04,Branding - Alcance,76.68,47840,309,,
2026-08-05,Retargeting - Carrito abandonado,145.72,9996,235,18.9,511.73
2026-08-05,Black Friday - Ofertas,93.12,7391,164,7.5,191.14
2026-08-05,Prospecting - Video Lookalike,123.75,14209,184,4.7,196.95
2026-08-05,Prospecting - Intereses amplios,95.67,23814,114,0.9,59.21
2026-08-05,Retargeting - Visitantes web,102.73,6361,165,13.2,356.83
2026-08-05,Branding - Alcance,66.47,46527,356,,
2026-08-06,Retargeting - Carrito abandonado,186.18,10265,242,19.5,658.24
2026-08-06,Black Friday - Ofertas,99.28,8130,186,8.5,214.21
2026-08-06,Prospecting - Video Lookalike,128.92,13184,169,4.9,202.99
2026-08-06,Prospecting - Intereses amplios,90.67,23822,130,1.0,60.73
2026-08-06,Retargeting - Visitantes web,89.28,6606,158,10.8,266.27
2026-08-06,Branding - Alcance,77.66,52426,471,,
2026-08-07,Retargeting - Carrito abandonado,172.37,11085,262,21.3,613.52
2026-08-07,Black Friday - Ofertas,122.95,10366,244,11.3,278.19
2026-08-07,Prospecting - Video Lookalike,144.34,13211,168,5.4,224.83
2026-08-07,Prospecting - Intereses amplios,106.02,21824,144,1.2,62.53
2026-08-07,Retargeting - Visitantes web,90.13,6242,162,10.8,277.06
2026-08-07,Branding - Alcance,67.37,45670,400,,
2026-08-08,Retargeting - Carrito abandonado,187.17,9536,226,18.4,670.63
2026-08-08,Black Friday - Ofertas,124.14,9850,238,11.2,293.94
2026-08-08,Prospecting - Video Lookalike,139.86,14462,182,5.2,215.49
2026-08-08,Prospecting - Intereses amplios,92.56,20322,107,0.9,61.24
2026-08-08,Retargeting - Visitantes web,94.93,6529,169,14.6,289.88
2026-08-08,Branding - Alcance,63.95,44456,297,,
2026-08-09,Retargeting - Carrito abandonado,162.41,9156,218,17.8,585.78
2026-08-09,Black Friday - Ofertas,120.11,9428,234,11.1,297.03
2026-08-09,Prospecting - Video Lookalike,141.13,16245,203,5.2,215.05
2026-08-09,Prospecting - Intereses amplios,106.8,21688,125,1.0,59.45
2026-08-09,Retargeting - Visitantes web,92.19,6728,147,10.3,325.9
2026-08-09,Branding - Alcance,63.71,48039,404,,
2026-08-10,Retargeting - Carrito abandonado,184.44,9492,227,18.6,669.6
2026-08-10,Black Friday - Ofertas,129.1,10109,258,12.3,332.82
2026-08-10,Prospecting - Video Lookalike,136.3,14696,182,5.0,205.38
2026-08-10,Prospecting - Intereses amplios,111.93,24043,165,1.3,46.84
2026-08-10,Retargeting - Visitantes web,84.34,7351,190,14.2,268.28
2026-08-10,Branding - Alcance,61.6,46750,437,,
2026-08-11,Retargeting - Carrito abandonado,183.83,11092,266,21.9,671.77
2026-08-11,Black Friday - Ofertas,161.53,12648,331,16.0,433.39
2026-08-11,Prospecting - Video Lookalike,127.32,13678,168,4.6,189.69
2026-08-11,Prospecting - Intereses amplios,101.64,23191,163,1.3,62.1
2026-08-11,Retargeting - Visitantes web,98.36,7444,177,13.5,262.79
2026-08-11,Branding - Alcance,74.74,44919,419,,
2026-08-12,Retargeting - Carrito abandonado,177.34,9771,235,19.5,652.25
2026-08-12,Black Friday - Ofertas,139.85,10959,294,14.4,389.92
2026-08-12,Prospecting - Video Lookalike,145.98,15652,191,5.2,215.01
2026-08-12,Prospecting - Intereses amplios,91.84,19959,120,1.0,52.61
2026-08-12,Retargeting - Visitantes web,92.45,6535,160,10.2,269.53
2026-08-12,Branding - Alcance,69.34,53286,450,,
2026-08-13,Retargeting - Carrito abandonado,188.06,10227,247,20.5,696.16
2026-08-13,Black Friday - Ofertas,151.72,11875,326,16.1,438.96
2026-08-13,Prospecting - Video Lookalike,157.92,15701,190,5.6,229.93
2026-08-13,Prospecting - Intereses amplios,96.75,19730,118,0.9,57.86
2026-08-13,Retargeting - Visitantes web,93.18,6592,163,13.8,265.17
2026-08-13,Branding - Alcance,62.17,46134,357,,
2026-08-14,Retargeting - Carrito abandonado,180.63,9574,232,19.4,672.94
2026-08-14,Black Friday - Ofertas,182.66,16095,452,22.6,547.69
2026-08-14,Prospecting - Video Lookalike,143.22,13930,167,5.0,206.09
2026-08-14,Prospecting - Intereses amplios,113.07,21313,144,1.2,53.82
2026-08-14,Retargeting - Visitantes web,88.65,7437,171,14.6,274.46
2026-08-14,Branding - Alcance,64.75,44812,346,,
2026-08-15,Retargeting - Carrito abandonado,180.8,11471,279,23.4,677.84
2026-08-15,Black Friday - Ofertas,163.79,13300,382,19.3,508.31
2026-08-15,Prospecting - Video Lookalike,133.98,16725,199,4.6,190.53
2026-08-15,Prospecting - Intereses amplios,93.03,19951,98,0.8,48.44
2026-08-15,Retargeting - Visitantes web,104.08,7644,192,16.5,364.42
2026-08-15,Branding - Alcance,67.13,44377,416,,
2026-08-16,Retargeting - Carrito abandonado,185.08,9222,225,18.9,698.27
2026-08-16,Black Friday - Ofertas,194.86,15764,463,23.6,625.19
2026-08-16,Prospecting - Video Lookalike,140.36,14434,170,4.8,197.22
2026-08-16,Prospecting - Intereses amplios,93.86,19718,107,0.9,47.79
2026-08-16,Retargeting - Visitantes web,105.39,6367,167,11.4,312.64
2026-08-16,Branding - Alcance,75.4,51709,402,,
2026-08-17,Retargeting - Carrito abandonado,156.6,10357,254,21.4,594.54
2026-08-17,Black Friday - Ofertas,189.95,17422,523,26.9,629.4
2026-08-17,Prospecting - Video Lookalike,134.87,14576,170,4.6,187.21
2026-08-17,Prospecting - Intereses amplios,111.85,19895,115,0.9,71.11
2026-08-17,Retargeting - Visitantes web,101.08,6228,135,8.8,352.84
2026-08-17,Branding - Alcance,65.92,50848,471,,
2026-08-18,Retargeting - Carrito abandonado,169.63,9886,243,20.6,648.03
2026-08-18,Black Friday - Ofertas,226.86,19435,596,30.9,775.55
2026-08-18,Prospecting - Video Lookalike,138.08,15877,184,4.7,189.34
2026-08-18,Prospecting - Intereses amplios,97.78,21248,102,0.8,60.66
2026-08-18,Retargeting - Visitantes web,104.5,7225,188,12.1,298.07
2026-08-18,Branding - Alcance,69.58,53262,503,,
2026-08-19,Retargeting - Carrito abandonado,172.46,9864,243,20.7,662.95
2026-08-19,Black Friday - Ofertas,209.3,17414,545,28.6,737.52
2026-08-19,Prospecting - Video Lookalike,162.42,13968,160,5.4,219.96
2026-08-19,Prospecting - Intereses amplios,109.9,23778,161,1.3,68.69
2026-08-19,Retargeting - Visitantes web,97.45,6710,155,11.2,327.66
2026-08-19,Branding - Alcance,62.93,44513,392,,
2026-08-20,Retargeting - Carrito abandonado,167.33,9425,233,19.9,647.21
2026-08-20,Black Friday - Ofertas,196.59,16589,530,28.1,713.4
2026-08-20,Prospecting - Video Lookalike,141.94,16889,192,4.7,189.82
2026-08-20,Prospecting - Intereses amplios,112.07,25162,136,1.1,48.82
2026-08-20,Retargeting - Visitantes web,85.8,6997,174,12.9,244.77
2026-08-20,Branding - Alcance,68.6,49385,422,,
2026-08-21,Retargeting - Carrito abandonado,189.64,11438,284,24.4,737.97
2026-08-21,Black Friday - Ofertas,238.9,18098,590,31.5,892.03
2026-08-21,Prospecting - Video Lookalike,161.17,14418,163,5.3,212.8
2026-08-21,Prospecting - Intereses amplios,104.45,21871,143,1.1,48.81
2026-08-21,Retargeting - Visitantes web,89.24,6572,146,12.3,283.15
2026-08-21,Branding - Alcance,67.08,46802,448,,
2026-08-22,Retargeting - Carrito abandonado,180.15,9910,247,21.3,705.32
2026-08-22,Black Friday - Ofertas,255.95,22113,735,39.7,982.57
2026-08-22,Prospecting - Video Lookalike,167.48,13744,154,5.4,218.3
2026-08-22,Prospecting - Intereses amplios,102.34,24323,165,1.3,67.95
2026-08-22,Retargeting - Visitantes web,84.52,6653,147,10.0,299.19
2026-08-22,Branding - Alcance,71.4,52955,401,,
2026-08-23,Retargeting - Carrito abandonado,196.55,10497,263,22.7,774.22
2026-08-23,Black Friday - Ofertas,232.56,20672,701,38.1,917.24
2026-08-23,Prospecting - Video Lookalike,166.8,13780,153,5.4,214.57
2026-08-23,Prospecting - Intereses amplios,105.52,23278,123,1.0,54.22
2026-08-23,Retargeting - Visitantes web,86.82,6502,148,11.5,281.4
2026-08-23,Branding - Alcance,65.02,42371,315,,
2026-08-24,Retargeting - Carrito abandonado,189.29,9855,247,21.5,750.12
2026-08-24,Black Friday - Ofertas,243.75,18866,652,35.8,986.98
2026-08-24,Prospecting - Video Lookalike,162.26,15421,169,5.2,205.99
2026-08-24,Prospecting - Intereses amplios,92.48,20493,117,0.9,52.14
2026-08-24,Retargeting - Visitantes web,98.17,6313,141,11.2,296.1
2026-08-24,Branding - Alcance,66.36,45783,432,,
2026-08-25,Retargeting - Carrito abandonado,174.16,10865,274,23.8,694.28
2026-08-25,Black Friday - Ofertas,254.69,20798,732,40.6,1058.04
2026-08-25,Prospecting - Video Lookalike,165.69,17091,186,5.3,207.54
2026-08-25,Prospecting - Intereses amplios,100.09,21045,137,1.1,46.89
2026-08-25,Retargeting - Visitantes web,83.73,7674,181,14.9,252.27
2026-08-25,Branding - Alcance,76.43,47549,329,,
2026-08-26,Retargeting - Carrito abandonado,161.89,10861,275,24.0,649.19
2026-08-26,Black Friday - Ofertas,281.39,25755,923,51.6,1198.54
2026-08-26,Prospecting - Video Lookalike,138.11,15745,170,4.3,170.65
2026-08-26,Prospecting - Intereses amplios,100.43,22753,117,0.9,49.25
2026-08-26,Retargeting - Visitantes web,95.48,7714,170,12.8,323.06
2026-08-26,Branding - Alcance,77.84,44513,302,,
2026-08-27,Retargeting - Carrito abandonado,203.64,11991,304,26.7,821.47
2026-08-27,Black Friday - Ofertas,279.52,20796,758,42.8,1219.92
2026-08-27,Prospecting - Video Lookalike,169.83,14909,159,5.3,206.96
2026-08-27,Prospecting - Intereses amplios,113.88,23420,158,1.3,52.0
2026-08-27,Retargeting - Visitantes web,101.52,6533,153,12.7,345.78
2026-08-27,Branding - Alcance,64.67,44752,343,,
2026-08-28,Retargeting - Carrito abandonado,185.71,10494,267,23.5,753.54
2026-08-28,Black Friday - Ofertas,262.99,20585,764,43.5,1175.45
2026-08-28,Prospecting - Video Lookalike,163.28,16810,178,5.0,196.21
2026-08-28,Prospecting - Intereses amplios,92.53,23137,153,1.2,39.14
2026-08-28,Retargeting - Visitantes web,102.71,6357,155,11.8,330.54
2026-08-28,Branding - Alcance,66.74,47079,389,,
2026-08-29,Retargeting - Carrito abandonado,182.45,11243,287,25.4,744.65
2026-08-29,Black Friday - Ofertas,293.83,24123,911,52.4,1344.13
2026-08-29,Prospecting - Video Lookalike,137.95,15811,166,4.2,163.43
2026-08-29,Prospecting - Intereses amplios,103.89,21379,141,1.1,65.14
2026-08-29,Retargeting - Visitantes web,94.05,6461,154,10.2,259.05
2026-08-29,Branding - Alcance,68.83,43296,338,,
2026-08-30,Retargeting - Carrito abandonado,187.07,9666,248,22.0,767.92
2026-08-30,Black Friday - Ofertas,316.12,23702,910,52.8,1479.36
2026-08-30,Prospecting - Video Lookalike,165.39,16424,170,5.0,193.14
2026-08-30,Prospecting - Intereses amplios,104.61,20418,122,1.0,54.02
2026-08-30,Retargeting - Visitantes web,105.28,6388,164,14.2,349.09
2026-08-30,Branding - Alcance,75.29,44471,424,,
2026-08-31,Retargeting - Carrito abandonado,187.09,12092,311,27.7,772.47
2026-08-31,Black Friday - Ofertas,345.99,26514,1035,60.6,1655.46
2026-08-31,Prospecting - Video Lookalike,168.36,17017,175,5.1,193.75
2026-08-31,Prospecting - Intereses amplios,93.6,22078,146,1.2,42.69
2026-08-31,Retargeting - Visitantes web,104.04,6621,168,11.3,322.74
2026-08-31,Branding - Alcance,77.05,44639,323,,
2026-09-01,Retargeting - Carrito abandonado,188.58,10457,270,24.1,783.07
2026-09-01,Black Friday - Ofertas,287.14,22102,877,51.8,1404.07
2026-09-01,Prospecting - Video Lookalike,145.43,17067,174,4.3,164.91
2026-09-01,Prospecting - Intereses amplios,109.17,25108,130,1.0,68.6
2026-09-01,Retargeting - Visitantes web,86.22,7051,173,12.5,297.2
2026-09-01,Branding - Alcance,70.93,48922,451,,
2026-09-02,Retargeting - Carrito abandonado,171.2,12263,317,28.5,714.99
2026-09-02,Black Friday - Ofertas,341.85,27764,1120,66.7,1707.52
2026-09-02,Prospecting - Video Lookalike,170.52,14600,147,5.1,190.47
2026-09-02,Prospecting - Intereses amplios,117.17,23392,132,1.1,72.97
2026-09-02,Retargeting - Visitantes web,93.68,6456,162,10.5,318.29
2026-09-02,Branding - Alcance,65.86,49604,473,,
2026-09-03,Retargeting - Carrito abandonado,193.92,11432,297,26.8,814.45
2026-09-03,Black Friday - Ofertas,324.71,23823,976,58.6,1656.03
2026-09-03,Prospecting - Video Lookalike,142.1,14195,141,4.2,156.31
2026-09-03,Prospecting - Intereses amplios,107.92,22625,136,1.1,71.1
2026-09-03,Retargeting - Visitantes web,86.61,6541,161,10.4,228.43
2026-09-03,Branding - Alcance,67.56,43465,327,,
